{"accuracy": 0.1459227467811159, "hamming_loss": 0.17238912732474965}